2,financial,476
3,digital,334
4,data,321
5,services,278
6,bank,267
7,economic,266
8,blockchain,256
10,customers,250
12,market,242
13,findings,231
14,banks,191
15,products,188
16,systems,188
17,customer,186
18,platforms,184
20,payments,179
23,investors,173
24,system,171
25,insurance,171
31,transactions,151
32,asset,149
42,capital,128
43,equity,127
44,global,125
45,provide,124
46,investment,124
47,attributes,124
48,regulatory,122
49,business,120
50,process,119
51,payment,117
52,large,116
53,processes,114
54,future,113
55,firms,112
56,solutions,112
57,entities,110
58,providers,109
59,platform,108
60,banking,105
61,management,105
62,infrastructure,105
63,potential,103
65,investor,100
68,product,97
69,online,97
70,service,95
72,transaction,93
73,transfer,91
74,critical,90
75,time,90
76,opportunities,88
77,trade,88
78,distributed,87
79,credit,87
80,markets,86
84,industry,82
89,automated,78
90,role,77
91,intermediaries,76
92,entity,75
93,lead,75
94,insurers,75
95,ledger,75
96,fintechs,73
101,scale,70
102,costs,70
103,cost,70
104,project,68
105,required,67
107,settlement,66
109,shift,64
110,models,64
111,distribution,64
112,lenders,64
113,offer,63
115,partnerships,62
116,growth,62
117,conditions,62
118,evidence,62
120,loss,61
121,increasing,61
122,activities,61
123,risks,61
124,regulator,61
125,private,59
126,compliance,59
127,mobile,59
128,development,58
129,core,58
130,based,58
137,focus,54
138,exchange,54
139,solution,53
140,approach,52
142,increase,52
143,reduce,52
145,trading,52
147,improved,51
153,experience,49
156,implementation,49
157,individuals,49
159,ability,48
162,trusted,48
163,individual,48
168,attribute,47
169,report,46
170,innovation,46
171,network,46
172,emerging,46
173,funds,46
175,impact,45
176,lack,45
177,requirements,45
178,wealth,44
180,studies,44
184,funding,44
185,current,43
186,model,43
188,channels,43
189,managers,43
190,ensure,43
191,details,43
192,experts,42
194,participants,42
195,multiple,42
196,chain,42
198,diligence,42
199,retail,41
200,accounts,41
,responsible,52
,deliver,52
,standards,52
