RowId,Word
1,services
2,global
3,transaction
4,chief
5,group
6,strategy
7,head
8,executive
9,economic
10,forum
11,innovation
12,report
13,bank
14,officer
15,future
16,phase
17,partner
18,fintech
19,project
20,professional
22,member
23,business
24,director
25,support
26,digital
27,financial
28,transformative
29,international
30,context
31,branch
32,investment
33,accountability
34,senior
35,working
36,approach
37,publication
38,managerial
39,disruptive
40,deposit
41,system
42,cash
43,corporate
44,diversification
45,retail
46,compliance
47,steering
48,series
49,opportunity
50,limited
51,loss
52,initiative
53,regulators
54,public
55,incumbents
56,outreach
57,security
58,identity
59,role
60,research
61,collection
62,capital
63,focused
64,implications
65,analysis
66,leadership
67,action
68,revolution
69,llp
70,affect
71,accounting
72,swift
73,markets
74,understanding
75,excel
76,communication
77,management
78,industrial
79,portfolio
80,entrants
81,provide
82,cfa
83,detailed
84,learning
85,president
86,asset
87,technology
88,entities
89,cap 
90,firms
91,flow
92,lending
93,description
94,institutions
95,legal
96,banking
97,thomson
98,impact
99,stakeholders
100,potential
