Rowid,Word
1,services
2,global
3,economic
4,forum
5,future
6,fintech
7,service
8,business
9,digital
10,financial
11,international
12,investment
13,regulators
14,incumbents
15,public
16,capital
17,leadership
18,revolution
19,llp
20,swift
21,markets
22,management
23,industrial
24,technology
25,firms
26,institutions
27,legal
28,stakeholders
29,innovations
30,ecosystem
31,market
32,uncertainties
33,crowdfunding
34,mapping
35,equity
36,payment
37,insurance
38,loss
39,future
40,stock
41,lending
42,assessment
43,financial services
44,management
45,portfolio
46,retail
47,capitalization
48,regulatory
49,transactions
50,quantitative
51,trading
52,chain
53,blockchain
54,underwriting
55,growth
56,competition
57,rp
58,executional
59,competitive
60,centrally
61,substantial
62,discrete
63,license
64,decrease
65,conscious
66,compliance
67,program
68,repository
69,automating
70,telecommunication
71,error
72,wallet
73,alliance
74,merger
75,takeover
76,exacerbate
77,positive
78,liability
79,attestation
80,cashflow
81,financing
82,accounting
83,fixed
84,floating
85,fundamental
86,interest
87,technique
88,governance
89,virtual
90,cls
91,leakage
92,bi
93,cryptocurrency
94,blockverify
95,scaling
96,validation
97,reliance
98,spectrum
99,ai
100,credentials
